PMID,Title,Authors,Citation,First Author,Journal/Book,Publication Year,Create Date,PMCID,NIHMS ID,DOI,Labels,Exclusions,Filename
34271146,Natural Language Processing to Identify Advance Care Planning Documentation in a Multisite Pragmatic Clinical Trial,"Lindvall C, Deng CY, Moseley E, Agaronnik N, El-Jawahri A, Paasche-Orlow MK, Lakin JR, Volandes A, Tulsky TAIJA.",J Pain Symptom Manage. 2021 Jul 14:S0885-3924(21)00428-0. doi: 10.1016/j.jpainsymman.2021.06.025. Online ahead of print.,Lindvall C,J Pain Symptom Manage,2021,7/16/21,,,10.1016/j.jpainsymman.2021.06.025,"Goals of Care (26 terms), Limitation of Life-Sustaining Treatment (32 terms), Hospice (1 term), Palliative Care (6 terms)",No exclusions listed,Natural-Language-Processing-to-Identify-Advance-Care-Planning-Documentation-in-a-Multisite-Pragmatic-Clinical-Trial.json
31698921,Natural Language Processing to Assess Palliative Care and End-of-Life Process Measures in Patients With Breast Cancer With Leptomeningeal Disease,"Brizzi K, Zupanc SN, Udelsman BV, Tulsky JA, Wright AA, Poort H, Lindvall C.",Am J Hosp Palliat Care. 2020 May;37(5):371-376. doi: 10.1177/1049909119885585. Epub 2019 Nov 7.,Brizzi K,Am J Hosp Palliat Care,2020,11/9/19,,,10.1177/1049909119885585,"Goals of Care Discussions (12 terms), Clarifying Code Status (7 terms), Assessment for Hospice (1 term), Consideration for Palliative Care Consultation (5 terms)",No exclusions listed,Natural-Language-Processing-to-Assess-Palliative-Care-and-End-of-Life-Process-Measures-in-Patients-With-Breast-Cancer-With-Leptomeningeal-Disease.json
31562891,Natural Language Processing Accurately Measures Adherence to Best Practice Guidelines for Palliative Care in Trauma,"Lee KC, Udelsman BV, Streid J, Chang DC, Salim A, Livingston DH, Lindvall C, Cooper Z.",J Pain Symptom Manage. 2020 Feb;59(2):225-232.e2. doi: 10.1016/j.jpainsymman.2019.09.017. Epub 2019 Sep 25.,Lee KC,J Pain Symptom Manage,2020,9/29/19,,,10.1016/j.jpainsymman.2019.09.017,"Code Status Clarification (32 terms), Goals of Care Discussions (35 terms), Specialist Palliative Care Consultation (6 terms), Hospice Assessment (1 term)",Code Status Clarification (2 exclusion terms),Natural-Language-Processing-Accurately-Measures-Adherence-to-Best-Practice-Guidelines-for-Palliative-Care-in-Trauma.json
31463695,Deficits in the Palliative Care Process Measures in Patients with Advanced Pancreatic Cancer Undergoing Operative and Invasive Nonoperative Palliative Procedures,"Udelsman BV, Lilley EJ, Qadan M, Chang DC, Lillemoe KD, Lindvall C, Cooper Z.",Ann Surg Oncol. 2019 Dec;26(13):4204-4212. doi: 10.1245/s10434-019-07757-2. Epub 2019 Aug 28.,Udelsman BV,Ann Surg Oncol,2019,8/30/19,,,10.1245/s10434-019-07757-2,"Goals of Care Discussions (8 terms), Clarifying Code Status (7 terms), Consideration for Palliative Care Consultation (3 terms), Assessment for Hospice (1 term)",Clarifying Code Status (4 exclusion terms),Deficits-in-the-Palliative-Care-Process-Measures-in-Patients-with-Advanced-Pancreatic-Cancer-Undergoing-Operative-and-Invasive-Nonoperative-Palliative-Procedures.json
31411524,Documentation of Palliative and End-of-Life Care Process Measures Among Young Adults Who Died of Cancer: A Natural Language Processing Approach,"Poort H, Zupanc SN, Leiter RE, Wright AA, Lindvall C.",J Adolesc Young Adult Oncol. 2020 Feb;9(1):100-104. doi: 10.1089/jayao.2019.0040. Epub 2019 Aug 14.,Poort H,J Adolesc Young Adult Oncol,2020,8/15/19,,,10.1089/jayao.2019.0040,"Palliative Care (5 terms), Goals of Care (12 terms), Code Status Limitations (14 terms), Hospice (1 term)",No exclusions listed,Documentation-of-Palliative-and-End-of-Life-Care-Process-Measures-Among-Young-Adults-Who-Died-of-Cancer.json
30328764,Natural Language Processing to Assess End-of-Life Quality Indicators in Cancer Patients Receiving Palliative Surgery,"Lindvall C, Lilley EJ, Zupanc SN, Chien I, Udelsman BV, Walling A, Cooper Z, Tulsky JA.",J Palliat Med. 2019 Feb;22(2):183-187. doi: 10.1089/jpm.2018.0326. Epub 2018 Oct 17.,Lindvall C,J Palliat Med,2019,10/18/18,,,10.1089/jpm.2018.0326,"Limitations on Code Status (26 terms), Goals of Care Discussions (12 terms), Palliative Care Referral (6 terms), Hospice Assessment (1 term)",Limitations on Code status (1 exclusion term),Natural-Language-Processing-to-Assess-End-of-Life-Quality-Indicators-in-Cancer-Patients-Receiving-Palliative-Surgery.json
29112003,Measuring Processes of Care in Palliative Surgery: A Novel Approach Using Natural Language Processing,"Lilley EJ, Lindvall C, Lillemoe KD, Tulsky JA, Wiener DC, Cooper Z.",Ann Surg. 2018 May;267(5):823-825. doi: 10.1097/SLA.0000000000002579.,Lilley EJ,Ann Surg,2018,11/8/17,,,10.1097/SLA.0000000000002579,"Goals of Care Discussions (2 terms), Clarifying Code Status (3 terms), Consideration for Palliative Care Consultation (2 terms), Assessment for Hospice (1 term)",Clarifying Code Status (1 exclusion term),Measuring-processes-of-care-in-palliative-surgery.json
34653964,Association of Social Support With Overall Survival and Healthcare Utilization in Patients With Aggressive Hematologic Malignancies,"Johnson PC, Markovitz NH, Gray TF, Bhatt S, Nipp RD, Ufere N, Rice J, Reynolds MJ, Lavoie MW, Topping CEW, Clay MA, Lindvall C, El-Jawahri A.",J Natl Compr Canc Netw. 2021 Oct 15:1-7. doi: 10.6004/jnccn.2021.7033. Online ahead of print.,Johnson PC,J Natl Compr Canc Netw,2021,10/15/21,,,10.6004/jnccn.2021.7033,"Social Support (94 terms), Living Situation (28 terms), Caregivers (18 terms)",No exclusions listed,Association-of-Social-Support-With-Overall-Survival-and-Healthcare-Utilization-in-Patients-With-Aggressive-Hematologic-Malignancies.json
35704362,Associations Between Family Member Involvement and Outcomes of Patients Admitted to the Intensive Care Unit: Retrospective Cohort Study,"Gray TF, Kwok A, Do KM, Zeng S, Moseley ET, Dbeis YM, Umeton R, Tulsky JA, El-Jawahri A, Lindvall C.",JMIR Med Inform. 2022 Jun 15;10(6):e33921. doi: 10.2196/33921.,Gray TF,JMIR Med Inform,2022,[Unsure],PMC9244649,,10.2196/33921,Family Involvement (169 terms),No exclusions listed,Associations-Between-Family-Member-Involvement-and-Outcomes-of-Patients-Admitted-to-the-Intensive-Care-Unit.json
32446905,Challenges of Developing a Natural Language Processing Method With Electronic Health Records to Identify Persons With Chronic Mobility Disability,"Agaronnik ND, Lindvall C, El-Jawahri A, He W, Iezzoni LI.",Arch Phys Med Rehabil. 2020 Oct;101(10):1739-1746. doi: 10.1016/j.apmr.2020.04.024. Epub 2020 May 21.,Agaronnik ND,Arch Phys Med Rehabil,2020,5/25/20,PMC7529728,NIHMS1596646,10.1016/j.apmr.2020.04.024,Wheelchair Use (10 terms),No exclusions listed,Challenges-of-Developing-a-Natural-Language-Processing-Method-With-Electronic-Health-Records-to-Identify-Persons-With-Chronic-Mobility-Disability.json
36736782,Delirium and Healthcare Utilization in Patients Undergoing Hematopoietic Stem Cell Transplantation,"Amonoo HL, Markovitz NH, Johnson PC, Kwok A, Dale C, Deary EC, Daskalakis E, Choe JJ, Yamin N, Gothoskar M, Cronin KG, Fernandez-Robles C, Pirl WF, Chen YB, Cutler C, Lindvall C, El-Jawahri A.",Transplant Cell Ther. 2023 Feb 1:S2666-6367(23)00066-0. doi: 10.1016/j.jtct.2023.01.028.,Amonoo HL,Transplant Cell Ther,2023,[Unsure],,,10.1016/j.jtct.2023.01.028,"Delirium (99 terms), Anti-Psychotic Medications (7 terms)",No exclusions listed,Delirium-and-Healthcare-Utilization-in-Patients-Undergoing-Hematopoietic-Stem-Cell-Transplantation.json
31348040,Management of Pneumoperitoneum: Role and Limits of Nonoperative Treatment,"Udelsman B, Lee K, Qadan M, Lillemoe KD, Chang D, Lindvall C, Cooper Z.",Ann Surg. 2021 Jul 1;274(1):146-154. doi: 10.1097/SLA.0000000000003492.,Udelsman B,Ann Surg,2021,7/27/19,,,10.1097/SLA.0000000000003492,Pneumoperitoneum (6 terms),No exclusions listed,Management-of-Pneumoperitoneum.json
35093791,Natural language processing for automated surveillance of intraoperative neuromonitoring in spine surgery,"Agaronnik ND, Kwok A, Schoenfeld AJ, Lindvall C.",J Clin Neurosci. 2022 Mar;97:121-126. doi: 10.1016/j.jocn.2022.01.015.,Agaronnik ND,J Clin Neurosci,2022,[Unsure],,,10.1016/j.jocn.2022.01.015,Intraoperative Neuromonitoring (34 terms),No exclusions listed,Natural-Language-Processing-for-Automated-Surveillance-of-Intraoperative-Neuromonitoring-in-Spine-Surgery.json
35716959,Natural Language Processing for Computer-Assisted Chart Review to Assess Documentation of Substance use and Psychopathology in Heart Failure Patients Awaiting Cardiac Resynchronization Therapy,"Yusufov M, Pirl WF, Braun I, Tulsky JA, Lindvall C.",J Pain Symptom Manage. 2022 Oct;64(4):400-409. doi: 10.1016/j.jpainsymman.2022.06.007. Epub 2022 Jun 15.,Yusufov M,J Pain Symptom Manage,2022,[Unsure],,,10.1016/j.jpainsymman.2022.06.007,"Substance Use History (32 terms), Mental Health History (30 terms), Emotions (22 terms), Psychotropic Medications (55 terms), Referral (5 terms)",No exclusions listed,Natural-Language-Processing-for-Computer-Assisted-Chart-Review-to-Assess-Documentation-of-Substance-Use-and-Psychopathology-in-Heart-Failure-Patients-Awaiting-Cardiac-Resynchronization-Therapy.json
32880603,Use of Natural Language Processing to Assess Frequency of Functional Status Documentation for Patients Newly Diagnosed With Colorectal Cancer,"Agaronnik N, Lindvall C, El-Jawahri A, He W, Iezzoni L.",JAMA Oncol. 2020 Oct 1;6(10):1628-1630. doi: 10.1001/jamaoncol.2020.2708.,Agaronnik N,JAMA Oncol,2020,9/4/20,PMC7489406,,10.1001/jamaoncol.2020.2708,"ECOG (3 terms), KPS (3 terms), Performance Status (1 term), PS (1 term), ADLs (5 terms)",No exclusions listed,Use-of-Natural-Language-Processing-to-Assess-Frequency-of-Functional-Status-Documentation-for-Patients-Newly-Diagnosed-With-Colorectal-Cancer.json
30251922,Needle in a Haystack: Natural Language Processing to Identify Serious Illness,"Udelsman B, Chien I, Ouchi K, Brizzi K, Tulsky JA, Lindvall C.",J Palliat Med. 2019 Feb;22(2):179-182. doi: 10.1089/jpm.2018.0294. Epub 2018 Sep 22.,Udelsman B,J Palliat Med,2019,9/26/18,PMC6909693,,10.1089/jpm.2018.0294,"Pneumoperitoneum (4 terms), Leptomeningeal Disease (1 term)",No exclusions listed,Needle-in-a-Haystack-Natural-Language-Processing-to-Identify-Serious-Illness.json
34279628,Patient Factors and Hospital Outcomes Associated With Atypical Presentation in Hospitalized Older Adults With COVID-19 During the First Surge of the Pandemic,"Marziliano A, Burns E, Chauhan L, Liu Y, Makhnevich A, Zhang M, Carney MT, Dbeis Y, Lindvall C, Qiu M, Diefenbach MA, Sinvani L.",J Gerontol A Biol Sci Med Sci. 2021 Jul 19:glab171. doi: 10.1093/gerona/glab171. Online ahead of print.,Marziliano A,J Gerontol A Biol Sci Med Sci,2021,7/19/21,PMC8344548,,10.1093/gerona/glab171,"[COVID-19 Typical] Fever/Chills (3 terms), [COVID-19 Typical] Cough (4 terms), [COVID-19 Typical] Shortness of Breath (11 terms), [COVID-19 Atypical] Functional Decline (34 terms), [COVID-19 Atypical] Altered Mental Status (8 terms)",No exclusions listed,Patient-Factors-and-Hospital-Outcomes-Associated-With-Atypical-Presentation-in-Hospitalized-Older-Adults-With-COVID-19-During-the-First-Surge-of-the-Pandemic.json
31014948,Risk factors and prevalence of liver disease in review of 2557 routine liver biopsies performed during bariatric surgery,"Udelsman BV, Corey KE, Lindvall C, Gee DW, Meireles OR, Hutter MM, Chang DC, Witkowski ER.",Surg Obes Relat Dis. 2019 Jun;15(6):843-849. doi: 10.1016/j.soard.2019.01.035. Epub 2019 Mar 20.,Udelsman BV,Surg Obes Relat Dis,2019,4/25/19,,,10.1016/j.soard.2019.01.035,"Steatosis (1 term), NASH (1 term), Fibrosis (1 term)",No exclusions listed,Risk-Factors-and-Prevalence-of-Liver-Disease-in-Review-of-2557-Routine-Liver-Biopsies-Performed-During-Bariatric-Surgery.json
36427022,The Use of Natural Language Processing to Assess Social Support in Patients With Advanced Cancer,"Bhatt S, Johnson PC, Markovitz NH, Gray T, Nipp RD, Ufere N, Rice J, Reynolds MJ, Lavoie MW, Clay MA, Lindvall C, El-Jawahri A.",Oncologist. 2023 Feb 8;28(2):165-171. doi: 10.1093/oncolo/oyac238.,Bhatt S,Oncologist,2023,[Unsure],PMC9907037,,10.1093/oncolo/oyac238,Social Support (94 terms),No exclusions listed,The-Use-of-Natural-Language-Processing-to-Assess-Social-Support-in-Patients-with-Advanced-Cancer.json
33351675,Exploring the Process of Cancer Care for Patients With Pre-Existing Mobility Disability,"Agaronnik ND, El-Jawahri A, Lindvall C, Iezzoni LI. ",JCO Oncol Pract. 2021 Jan;17(1):e53-e61. doi: 10.1200/OP.20.00378. Epub 2020 Dec 22.,Agaronnik ND,JCO Oncol Pract,2021,[Unsure],PMC8257981,,10.1200/OP.20.00378,Wheelchair Use (10 terms),No exclusions listed,Challenges-of-Developing-a-Natural-Language-Processing-Method-With-Electronic-Health-Records-to-Identify-Persons-With-Chronic-Mobility-Disability.json
36789287,Development of a keyword library for capturing PRO-CTCAE-focused "symptom talk" in oncology conversations,"Durieux BN, Zverev SR, Tarbi EC, Kwok A, Sciacca K, Pollak KI, Tulsky JA, Lindvall C. ",JAMIA Open. 2023 Feb 9;6(1):ooad009. doi: 10.1093/jamiaopen/ooad009.,Durieux BN,JAMIA Open,2023,[Unsure],PMC9912707,,10.1093/jamiaopen/ooad009,"[Oral Symptoms] Dry Mouth (21 terms), Difficulty Swallowing (18 terms), Mouth/throat sores (17 terms), Cracking at the corners of the mouth (cheilosis/cheilitis) (3 terms), Voice quality changes (14 terms), Hoarseness (5 terms); [Gastrointestinal Symptoms] Taste changes (20 terms), Decreased appetite (59 terms), Nausea (17 terms), Vomiting (29 terms), Heartburn (36 terms), Gas (10 terms), Bloating (25 terms), Hiccups (2 terms), Constipation (53 terms), Diarrhea (34 terms), Abdominal Pain (40 terms), Fecal Incontinence (37 terms); [Respiratory Symptoms] Shortness of Breath (44 terms), Cough (18 terms), Wheezing (7 terms); [Cardio/Circulatory Symptoms] Swelling (25 terms), Heart Palpitations (9 terms); [Cutaneous Symptoms] Rash (17 terms), Skin Dryness (30 terms), Acne (2 terms), Hair Loss (27 terms), Itching (15 terms), Hives (5 terms), Hand-foot Syndrome (5 terms), Nail Loss (3 terms), Nail Ridging (5 terms), Nail Discoloration (8 terms), Sensitivity to Sunlight (3 terms), Bed/presure Sores (9 terms), Radiation Skin Reaction (8 terms), Skin Darkening (16 terms), Stretch Marks (1 term); [Neurological Symptoms] Numbness & Tingling (56 terms), Dizziness (28 terms); [Visual/Perceptual Symptoms] Blurred Vision (17 terms), Flashing Lights (5 terms), Visual Floaters (2 terms), Watery Eyes (7 terms), Ringing in Ears (7 terms); [Attention/Memory Symptoms] Concentration (38 terms), Memory (10 terms); [Pain Symptoms] General Pain (97 terms), Headache (10 terms), Muscle Pain (33 terms), Joint Pain (29 terms); [Sleep/Wake Symptoms] Insomnia (52 terms), Fatigue (88 terms); [Mood Symptoms] Anxious (39 terms), Discouraged (13 terms), Sad (73 terms); [Genitourinary Symptoms] Irregular Periods/Vaginal Bleeding (6 terms), Missed Expected Menstrual Period (9 terms), Vaginal Dicharge (3 term), Vaginal Dryness (1 term), Painful Urination (8 terms), Urinary Urgency (16 terms), Change in Usual Urine Color (4 terms), Urinary Incontinence (33 terms); [Sexual Symptoms] Achieve and Maintain Erection (2 terms), Ejaculation (1 term), Decreased Libido (3 terms), Delayed Orgasm (1 term), Unable to have Orgasm (1 term), Pain w/ Sexual Intercourse (5 terms); [Miscellaneous Symptoms] Breast Swelling and Tenderness (9 terms), Bruising (6 terms), Chills (24 terms), Increased Sweating (14 terms), Decreased Sweating (3 terms), Hot Flashes (6 terms), Nosebleed (5 terms), Pain and Swelling at Injection Site (3 terms), Body Odor (1 term)","Exclusions: Shortness of Breath (2 terms), Rash (2 terms), General Pain (1 term), Anxious (1 term)",Development_Of_A_Keyword_Library_For_Capturing_PRO-CTCAE-Focused_Symptom_Talk_In_Oncology_Conversations.json
